stop_id,new_stop_id
3016,1
3018,2
3019,3
3020,4
3021,5
3023,6
3024,7
3031,8
3032,9
3033,10
3034,11
3035,12
3036,13
3037,14
3038,15
3039,16
3040,17
3041,18
3043,19
3044,20
3045,21
3046,22
3047,23
3048,24
3049,25
3050,26
3051,27
3052,28
3053,29
3054,30
3055,31
3056,32
3057,33
3058,34
3059,35
3060,36
3061,37
3062,38
3063,39
3064,40
3065,41
3066,42
3067,43
3070,44
3071,45
3072,46
3074,47
3075,48
3076,49
3077,50
3082,51
3084,52
3085,53
3086,54
3087,55
3089,56
3092,57
3093,58
3095,59
3096,60
3103,61
3104,62
3107,63
3108,64
3113,65
3114,66
3115,67
3116,68
3123,69
3124,70
3127,71
3129,72
3134,73
3135,74
3136,75
3141,76
3143,77
3144,78
3145,79
3146,80
3149,81
3150,82
3153,83
3156,84
3158,85
3160,86
3161,87
3163,88
3164,89
3177,90
3178,91
3180,92
3181,93
3184,94
3185,95
3188,96
3189,97
3191,98
3192,99
3193,100
3194,101
3195,102
3196,103
3201,104
3202,105
3203,106
3204,107
3205,108
3206,109
3208,110
3209,111
3211,112
3213,113
3214,114
3215,115
3216,116
3217,117
3218,118
3219,119
3220,120
3221,121
3222,122
3223,123
3224,124
3225,125
3226,126
3229,127
3230,128
3231,129
3232,130
3233,131
3234,132
3235,133
3238,134
3239,135
3240,136
3241,137
3243,138
3244,139
3245,140
3247,141
3248,142
3249,143
3250,144
3251,145
3252,146
3253,147
3254,148
3255,149
3256,150
3257,151
3258,152
3259,153
3260,154
3261,155
3262,156
3263,157
3264,158
3265,159
3266,160
3267,161
3270,162
3272,163
3273,164
3275,165
3276,166
3277,167
3278,168
3279,169
3280,170
3281,171
3282,172
3283,173
3284,174
3285,175
3291,176
3292,177
3293,178
3295,179
3296,180
3299,181
3300,182
3301,183
3304,184
3305,185
3306,186
3307,187
3309,188
3310,189
3314,190
3322,191
3323,192
3325,193
3326,194
3327,195
3328,196
3329,197
3330,198
3331,199
3332,200
3333,201
3334,202
3335,203
3336,204
3338,205
3339,206
3340,207
3341,208
3344,209
3345,210
3348,211
3349,212
3352,213
3354,214
3355,215
3356,216
3359,217
3360,218
3362,219
3363,220
3364,221
3365,222
3368,223
3369,224
3371,225
3374,226
3375,227
3379,228
3380,229
3383,230
3384,231
3388,232
3389,233
3390,234
3391,235
3394,236
3395,237
3398,238
3399,239
3402,240
3406,241
3408,242
3409,243
3410,244
3414,245
3415,246
3424,247
3425,248
3426,249
3427,250
3428,251
3429,252
3430,253
3431,254
3435,255
3436,256
3437,257
3439,258
3441,259
3442,260
3443,261
3444,262
3445,263
3446,264
3447,265
3450,266
3452,267
3453,268
3454,269
3455,270
3456,271
3458,272
3459,273
3460,274
3461,275
3462,276
3463,277
3465,278
3466,279
3467,280
3468,281
3469,282
3470,283
3471,284
3472,285
3473,286
3474,287
3475,288
3476,289
3477,290
3478,291
3480,292
3481,293
3482,294
3483,295
3484,296
3485,297
3486,298
3489,299
3490,300
3491,301
3492,302
3495,303
3496,304
3497,305
3498,306
3499,307
3500,308
3501,309
3504,310
3505,311
3507,312
3511,313
3512,314
3513,315
3514,316
3516,317
3517,318
3520,319
3521,320
3522,321
3524,322
3525,323
3526,324
3527,325
3528,326
3529,327
3530,328
3531,329
3532,330
3533,331
3534,332
3535,333
3536,334
3537,335
3538,336
3540,337
3541,338
3542,339
3543,340
3544,341
3546,342
3547,343
3548,344
3549,345
3550,346
3551,347
3552,348
3553,349
3554,350
3555,351
3556,352
3558,353
3559,354
3560,355
3561,356
3562,357
3563,358
3564,359
3565,360
3566,361
3567,362
3568,363
3570,364
3571,365
3572,366
3573,367
3574,368
3575,369
3576,370
3577,371
3578,372
3579,373
3580,374
3581,375
3582,376
3583,377
3584,378
3585,379
3586,380
3587,381
3588,382
3589,383
3590,384
3591,385
3592,386
3593,387
3594,388
3595,389
3596,390
3597,391
3598,392
3599,393
3600,394
3601,395
3602,396
3603,397
3604,398
3606,399
3608,400
3612,401
3613,402
3614,403
3615,404
3616,405
3617,406
3618,407
3619,408
3621,409
3622,410
3628,411
3630,412
3631,413
3641,414
3642,415
3643,416
3644,417
3645,418
3647,419
3648,420
3649,421
3650,422
3651,423
3656,424
3657,425
3659,426
3661,427
3662,428
3663,429
3664,430
3665,431
3666,432
3670,433
3680,434
3681,435
3682,436
3685,437
3686,438
3687,439
3688,440
3689,441
3690,442
3691,443
3692,444
3693,445
3694,446
3695,447
3696,448
3697,449
3698,450
3699,451
3700,452
3701,453
3702,454
3703,455
3704,456
3705,457
3706,458
3708,459
3710,460
3712,461
3713,462
3721,463
3722,464
3723,465
3724,466
3725,467
3730,468
3731,469
3732,470
3733,471
3734,472
3735,473
3736,474
3737,475
3738,476
3739,477
3740,478
3741,479
3742,480
3743,481
3744,482
3745,483
3746,484
3747,485
3748,486
3749,487
3750,488
3751,489
3756,490
3757,491
3758,492
3759,493
3760,494
3761,495
3762,496
3763,497
3764,498
3765,499
3766,500
3767,501
3768,502
3771,503
3772,504
3773,505
3775,506
3778,507
3779,508
3781,509
3783,510
3788,511
3789,512
3792,513
3793,514
3794,515
3797,516
3798,517
3799,518
3800,519
3801,520
3802,521
3803,522
3812,523
3814,524
3818,525
3819,526
3820,527
3822,528
3823,529
3824,530
3825,531
3827,532
3828,533
3830,534
3831,535
3832,536
3833,537
3834,538
3835,539
3836,540
3837,541
3838,542
3839,543
3840,544
3841,545
3842,546
3843,547
3844,548
3845,549
3846,550
3847,551
3848,552
3852,553
3853,554
3858,555
3859,556
3875,557
3876,558
3884,559
3885,560
3886,561
3887,562
3892,563
3893,564
3896,565
3897,566
390,567
3911,568
3912,569
3913,570
3914,571
3915,572
3920,573
3921,574
3922,575
3924,576
3925,577
3927,578
3930,579
3931,580
3932,581
3934,582
3935,583
3936,584
3940,585
3941,586
3942,587
3947,588
3948,589
3952,590
3953,591
3957,592
3958,593
3959,594
3960,595
3961,596
3962,597
3963,598
3964,599
3965,600
3966,601
3967,602
3968,603
3969,604
3970,605
3971,606
3972,607
3973,608
3974,609
3975,610
3976,611
3977,612
3978,613
3979,614
3981,615
3984,616
4005,617
4015,618
4016,619
4017,620
4018,621
4019,622
4020,623
4021,624
4022,625
4023,626
4024,627
4025,628
4026,629
4027,630
4028,631
4029,632
4030,633
4031,634
4032,635
4033,636
4035,637
4037,638
4069,639
4070,640
4071,641
4072,642
4073,643
4074,644
4075,645
4076,646
4078,647
4079,648
4080,649
4081,650
4082,651
4087,652
4088,653
4089,654
4090,655
4091,656
4092,657
4093,658
4094,659
4095,660
4096,661
4097,662
4098,663
4099,664
4100,665
4101,666
4103,667
4105,668
4106,669
4107,670
4108,671
4111,672
4114,673
4115,674
4116,675
4118,676
4119,677
4120,678
4122,679
4123,680
4124,681
4125,682
4126,683
4127,684
4128,685
4129,686
4130,687
4131,688
4132,689
4137,690
4138,691
4139,692
4142,693
4143,694
4145,695
4146,696
4147,697
4148,698
4149,699
4150,700
4151,701
4152,702
4153,703
4154,704
4155,705
4156,706
4157,707
4158,708
4159,709
4160,710
4161,711
4162,712
4163,713
4164,714
4165,715
4166,716
4167,717
4168,718
4169,719
4170,720
4171,721
4172,722
4173,723
4174,724
4175,725
4176,726
4177,727
4178,728
4179,729
4180,730
4181,731
4182,732
4183,733
4184,734
4185,735
4186,736
4187,737
4188,738
4189,739
4190,740
4191,741
4192,742
4195,743
4196,744
4197,745
4198,746
4199,747
4200,748
4201,749
4202,750
4203,751
4204,752
4205,753
4207,754
4209,755
4210,756
4211,757
4212,758
4213,759
4215,760
4218,761
4221,762
4222,763
4223,764
4224,765
4225,766
4226,767
4227,768
4228,769
4229,770
4230,771
4231,772
4232,773
4233,774
4234,775
4235,776
4236,777
4238,778
4245,779
4246,780
4247,781
4248,782
4253,783
4254,784
4255,785
4256,786
4257,787
4258,788
4259,789
4260,790
4263,791
4264,792
4265,793
4266,794
4267,795
4268,796
4269,797
4270,798
4271,799
4272,800
4273,801
4274,802
4275,803
4277,804
4278,805
4279,806
4280,807
4281,808
4282,809
4283,810
4285,811
4286,812
4288,813
4289,814
4290,815
4291,816
4292,817
4293,818
4294,819
4295,820
4298,821
4300,822
4301,823
4302,824
4303,825
4304,826
4305,827
4307,828
4308,829
4309,830
4310,831
4311,832
4312,833
4313,834
4314,835
4315,836
4316,837
4317,838
4318,839
4319,840
4320,841
4321,842
4322,843
4323,844
4324,845
4325,846
4326,847
4327,848
4328,849
4329,850
4330,851
4331,852
4332,853
4333,854
4334,855
4335,856
4336,857
4337,858
4338,859
4341,860
4350,861
4351,862
4352,863
4353,864
4354,865
4355,866
4356,867
4357,868
4358,869
4359,870
4360,871
4361,872
4362,873
4363,874
4364,875
4366,876
4367,877
4368,878
4369,879
4371,880
4372,881
4373,882
4374,883
4375,884
4376,885
4377,886
4378,887
4379,888
4380,889
4381,890
4382,891
4383,892
4384,893
4385,894
4386,895
4387,896
4388,897
4389,898
4390,899
4391,900
4392,901
4393,902
4394,903
4395,904
4397,905
4398,906
4399,907
4400,908
4401,909
4402,910
4403,911
4404,912
4405,913
4407,914
4408,915
4409,916
4410,917
4411,918
4412,919
4413,920
4414,921
4415,922
4418,923
4421,924
4422,925
4423,926
4424,927
4425,928
4426,929
4427,930
4428,931
4429,932
4430,933
4431,934
4432,935
4433,936
4434,937
4435,938
4436,939
4437,940
4438,941
4439,942
4440,943
4443,944
4444,945
4445,946
4447,947
4451,948
4453,949
4454,950
4455,951
4456,952
4472,953
4473,954
4474,955
4475,956
4476,957
4477,958
4478,959
4479,960
4480,961
4481,962
4482,963
4483,964
4484,965
4485,966
4487,967
4488,968
4489,969
4490,970
4491,971
4492,972
4493,973
4494,974
4495,975
4501,976
4502,977
4503,978
4504,979
4508,980
4511,981
4513,982
4515,983
4516,984
4517,985
4518,986
4520,987
4529,988
4530,989
4531,990
4532,991
4534,992
4535,993
4536,994
4537,995
4538,996
4539,997
4540,998
4543,999
4544,1000
4545,1001
4546,1002
4547,1003
4548,1004
4549,1005
4550,1006
4551,1007
4552,1008
4553,1009
4555,1010
4558,1011
4559,1012
4560,1013
4561,1014
4562,1015
4564,1016
4565,1017
4566,1018
4567,1019
4568,1020
4571,1021
4572,1022
4573,1023
4574,1024
4575,1025
4576,1026
4579,1027
4581,1028
4582,1029
4583,1030
4584,1031
4587,1032
4588,1033
4589,1034
4590,1035
4593,1036
4596,1037
4603,1038
4604,1039
4605,1040
4606,1041
4607,1042
4608,1043
4609,1044
4610,1045
4611,1046
4612,1047
4613,1048
4614,1049
4615,1050
4616,1051
4617,1052
4618,1053
4620,1054
4621,1055
4622,1056
4623,1057
4624,1058
4625,1059
4626,1060
4627,1061
4628,1062
4629,1063
4630,1064
4631,1065
4632,1066
4633,1067
4634,1068
4635,1069
4636,1070
4637,1071
4638,1072
4640,1073
4641,1074
4642,1075
4643,1076
4645,1077
4646,1078
4647,1079
4648,1080
4649,1081
4650,1082
4651,1083
4652,1084
4654,1085
4655,1086
4657,1087
4658,1088
4659,1089
4660,1090
4661,1091
4662,1092
4663,1093
4664,1094
4665,1095
4666,1096
4667,1097
4668,1098
4669,1099
4671,1100
4672,1101
4675,1102
4676,1103
4677,1104
4680,1105
4681,1106
4686,1107
4687,1108
4688,1109
4689,1110
4690,1111
4695,1112
4696,1113
4697,1114
4698,1115
4699,1116
4700,1117
4701,1118
4702,1119
4703,1120
4704,1121
4705,1122
4706,1123
4707,1124
4709,1125
4710,1126
4712,1127
4714,1128
4715,1129
4716,1130
4717,1131
4718,1132
4719,1133
4720,1134
4723,1135
4725,1136
4726,1137
4727,1138
4729,1139
4730,1140
4731,1141
4732,1142
4733,1143
4734,1144
4735,1145
4736,1146
4737,1147
4742,1148
4746,1149
4747,1150
4748,1151
4749,1152
4751,1153
4753,1154
4755,1155
4756,1156
4757,1157
4758,1158
4760,1159
4761,1160
4762,1161
4763,1162
4764,1163
4765,1164
4766,1165
4767,1166
4768,1167
4769,1168
4771,1169
4772,1170
4773,1171
4776,1172
4779,1173
4780,1174
4781,1175
4783,1176
4784,1177
4785,1178
4786,1179
4792,1180
4795,1181
4796,1182
4798,1183
4799,1184
4803,1185
4805,1186
4808,1187
4809,1188
4810,1189
4811,1190
4817,1191
4818,1192
4819,1193
4820,1194
4821,1195
4822,1196
4823,1197
4826,1198
4827,1199
4828,1200
4829,1201
4833,1202
4836,1203
4837,1204
4838,1205
4839,1206
4840,1207
4842,1208
4843,1209
4844,1210
4845,1211
4846,1212
4847,1213
4848,1214
4851,1215
4852,1216
4853,1217
4854,1218
4855,1219
4856,1220
4857,1221
4858,1222
4859,1223
4860,1224
4861,1225
4862,1226
4863,1227
4864,1228
4865,1229
4866,1230
4867,1231
4868,1232
4869,1233
4870,1234
4871,1235
4873,1236
4874,1237
4876,1238
4877,1239
4878,1240
4881,1241
4882,1242
4883,1243
4884,1244
4886,1245
4888,1246
4889,1247
4890,1248
4891,1249
4894,1250
4895,1251
4899,1252
4900,1253
4901,1254
4905,1255
4908,1256
4910,1257
4911,1258
4912,1259
4913,1260
4915,1261
4920,1262
4921,1263
4923,1264
4924,1265
4934,1266
4935,1267
4936,1268
4937,1269
4938,1270
4940,1271
4941,1272
4942,1273
4943,1274
4946,1275
4947,1276
4950,1277
4951,1278
4952,1279
4953,1280
4954,1281
4955,1282
4957,1283
4958,1284
4960,1285
4961,1286
4962,1287
4963,1288
4964,1289
4966,1290
4967,1291
4968,1292
4969,1293
4970,1294
4971,1295
4972,1296
4973,1297
4976,1298
4979,1299
4980,1300
4984,1301
4985,1302
4991,1303
4992,1304
4993,1305
4994,1306
4997,1307
5000,1308
5001,1309
5002,1310
5003,1311
5004,1312
5011,1313
5012,1314
5013,1315
5014,1316
5015,1317
5017,1318
5018,1319
5020,1320
5029,1321
5030,1322
5031,1323
5032,1324
5034,1325
5036,1326
5037,1327
5038,1328
5039,1329
5040,1330
5041,1331
5042,1332
5043,1333
5044,1334
5045,1335
5046,1336
5047,1337
5048,1338
5049,1339
5050,1340
5051,1341
5065,1342
5068,1343
5071,1344
5079,1345
5084,1346
5087,1347
5092,1348
5093,1349
5094,1350
5095,1351
5096,1352
5097,1353
5098,1354
5099,1355
5100,1356
5101,1357
5102,1358
5103,1359
5104,1360
5106,1361
5107,1362
5108,1363
5110,1364
5111,1365
5112,1366
5113,1367
5114,1368
5115,1369
5116,1370
5118,1371
5124,1372
5125,1373
5126,1374
5129,1375
5130,1376
5131,1377
5132,1378
5134,1379
5135,1380
5136,1381
5138,1382
5139,1383
5140,1384
5141,1385
5145,1386
5147,1387
5151,1388
5158,1389
5160,1390
5161,1391
5162,1392
5163,1393
5165,1394
5166,1395
5167,1396
5170,1397
5171,1398
5172,1399
5173,1400
5174,1401
5175,1402
5184,1403
5185,1404
5186,1405
5187,1406
5189,1407
5190,1408
5191,1409
5192,1410
5193,1411
5194,1412
5195,1413
5196,1414
5197,1415
5198,1416
5199,1417
5200,1418
5201,1419
5202,1420
5203,1421
5204,1422
5205,1423
5206,1424
5207,1425
5208,1426
5209,1427
5210,1428
5211,1429
5212,1430
5213,1431
5214,1432
5215,1433
5216,1434
5219,1435
5220,1436
5221,1437
5223,1438
5224,1439
5225,1440
5227,1441
5228,1442
5229,1443
5232,1444
5233,1445
5235,1446
5236,1447
5242,1448
5243,1449
5244,1450
5245,1451
5247,1452
5249,1453
5250,1454
5253,1455
5254,1456
5255,1457
5256,1458
5257,1459
5258,1460
5260,1461
5261,1462
5263,1463
5269,1464
5272,1465
5273,1466
5274,1467
5275,1468
5276,1469
5277,1470
5278,1471
5279,1472
5280,1473
5281,1474
5282,1475
5283,1476
5284,1477
5285,1478
5286,1479
5288,1480
5289,1481
5290,1482
5291,1483
5292,1484
5293,1485
5294,1486
5295,1487
5296,1488
5297,1489
5300,1490
5301,1491
5304,1492
5305,1493
5306,1494
5307,1495
5309,1496
5310,1497
5311,1498
5314,1499
5315,1500
5316,1501
5317,1502
5318,1503
5319,1504
5320,1505
5321,1506
5323,1507
5324,1508
5325,1509
5326,1510
5327,1511
5328,1512
5329,1513
5330,1514
5331,1515
5334,1516
5336,1517
5337,1518
5338,1519
5339,1520
5340,1521
5341,1522
5342,1523
5343,1524
5344,1525
5347,1526
5348,1527
5349,1528
5350,1529
5351,1530
5352,1531
5353,1532
5354,1533
5384,1534
5385,1535
5389,1536
5390,1537
5391,1538
5392,1539
5393,1540
5394,1541
5395,1542
5396,1543
5397,1544
5398,1545
5399,1546
5400,1547
5401,1548
5404,1549
5405,1550
5420,1551
5422,1552
5423,1553
5424,1554
5425,1555
5426,1556
5427,1557
5428,1558
5429,1559
5430,1560
5431,1561
5432,1562
5433,1563
5434,1564
5435,1565
5436,1566
5437,1567
5438,1568
5439,1569
5440,1570
5441,1571
5442,1572
5443,1573
5444,1574
5445,1575
5446,1576
5447,1577
5450,1578
5451,1579
5452,1580
5453,1581
5454,1582
5455,1583
5456,1584
5458,1585
5459,1586
5460,1587
5461,1588
5462,1589
5464,1590
5465,1591
5466,1592
5467,1593
5468,1594
5469,1595
5470,1596
5471,1597
5472,1598
5474,1599
5475,1600
5476,1601
5477,1602
5482,1603
5483,1604
5485,1605
5486,1606
5487,1607
5488,1608
5489,1609
5490,1610
5491,1611
5500,1612
5501,1613
5503,1614
5504,1615
5505,1616
5507,1617
5508,1618
5509,1619
5510,1620
5511,1621
5513,1622
5514,1623
5515,1624
5516,1625
5517,1626
5518,1627
5519,1628
5528,1629
5529,1630
5530,1631
5531,1632
5532,1633
5533,1634
5534,1635
5535,1636
5536,1637
5537,1638
5538,1639
5539,1640
5540,1641
5541,1642
5542,1643
5543,1644
5544,1645
5545,1646
5546,1647
5547,1648
5548,1649
5551,1650
5552,1651
5553,1652
5554,1653
5557,1654
5558,1655
5561,1656
5562,1657
5565,1658
5566,1659
5567,1660
5568,1661
5571,1662
5572,1663
5573,1664
5574,1665
5575,1666
5577,1667
5578,1668
5579,1669
5580,1670
5583,1671
5584,1672
5585,1673
5586,1674
5588,1675
5589,1676
5590,1677
5592,1678
5593,1679
5594,1680
5595,1681
5596,1682
5597,1683
5598,1684
5599,1685
5600,1686
5601,1687
5602,1688
5603,1689
5604,1690
5605,1691
5608,1692
5609,1693
5610,1694
5613,1695
5614,1696
5615,1697
5616,1698
5619,1699
5620,1700
5621,1701
5623,1702
5624,1703
5625,1704
5626,1705
5627,1706
5628,1707
5630,1708
5631,1709
5632,1710
5633,1711
5634,1712
5638,1713
5639,1714
5640,1715
5641,1716
5642,1717
5643,1718
5644,1719
5645,1720
5646,1721
5647,1722
5648,1723
5649,1724
5650,1725
5651,1726
5652,1727
5653,1728
5654,1729
5655,1730
5656,1731
5657,1732
5658,1733
5659,1734
5661,1735
5663,1736
5665,1737
5667,1738
5668,1739
5669,1740
5671,1741
5672,1742
5673,1743
5674,1744
5675,1745
5676,1746
5678,1747
5680,1748
5681,1749
5683,1750
5684,1751
5685,1752
5687,1753
5688,1754
5689,1755
5690,1756
5691,1757
5692,1758
5693,1759
5694,1760
5695,1761
5696,1762
5697,1763
5698,1764
5699,1765
5700,1766
5702,1767
5703,1768
5704,1769
5705,1770
5706,1771
5709,1772
5710,1773
5711,1774
5712,1775
5713,1776
5714,1777
5715,1778
5716,1779
5717,1780
5718,1781
5719,1782
5732,1783
5733,1784
5734,1785
5735,1786
5736,1787
5737,1788
5738,1789
5739,1790
5741,1791
5742,1792
5744,1793
5745,1794
5746,1795
5747,1796
5748,1797
5751,1798
5752,1799
5753,1800
5754,1801
5755,1802
5756,1803
5757,1804
5758,1805
5759,1806
5761,1807
5762,1808
5763,1809
5764,1810
5765,1811
5766,1812
5767,1813
5768,1814
5769,1815
5770,1816
5774,1817
5775,1818
5776,1819
5777,1820
5779,1821
5780,1822
5781,1823
5782,1824
5783,1825
5787,1826
5788,1827
5790,1828
5791,1829
5792,1830
5793,1831
5794,1832
5795,1833
5796,1834
5797,1835
5798,1836
5800,1837
5801,1838
5804,1839
5805,1840
5806,1841
5807,1842
5808,1843
5810,1844
5813,1845
5814,1846
5817,1847
5818,1848
5820,1849
5821,1850
5822,1851
5823,1852
5824,1853
5826,1854
5827,1855
5828,1856
5829,1857
5830,1858
5831,1859
5832,1860
5833,1861
5834,1862
5836,1863
5837,1864
5838,1865
5839,1866
5840,1867
5841,1868
5842,1869
5843,1870
5844,1871
5845,1872
5846,1873
5847,1874
5848,1875
5849,1876
5850,1877
5851,1878
5852,1879
5853,1880
5854,1881
5856,1882
5857,1883
5859,1884
5863,1885
5864,1886
5865,1887
5866,1888
5867,1889
5868,1890
5869,1891
5870,1892
5871,1893
5872,1894
5873,1895
5874,1896
5875,1897
5876,1898
5877,1899
5878,1900
5879,1901
5880,1902
5881,1903
5882,1904
5883,1905
5884,1906
5885,1907
5887,1908
5889,1909
5890,1910
5891,1911
5892,1912
5893,1913
5894,1914
5895,1915
5896,1916
5897,1917
5898,1918
5899,1919
5900,1920
5901,1921
5902,1922
5903,1923
5904,1924
5905,1925
5906,1926
5907,1927
5908,1928
5909,1929
5910,1930
5911,1931
5912,1932
5913,1933
5914,1934
5915,1935
5916,1936
5917,1937
5918,1938
5919,1939
5920,1940
5921,1941
5922,1942
5923,1943
5924,1944
5925,1945
5926,1946
5930,1947
5931,1948
5932,1949
5933,1950
5940,1951
5946,1952
5947,1953
5948,1954
5949,1955
5950,1956
5951,1957
5952,1958
5953,1959
5954,1960
5955,1961
5958,1962
5960,1963
5961,1964
5962,1965
5963,1966
5964,1967
5965,1968
5966,1969
5967,1970
5968,1971
5971,1972
5972,1973
5973,1974
5974,1975
5975,1976
5976,1977
5977,1978
5978,1979
5979,1980
5980,1981
5981,1982
5982,1983
5983,1984
5984,1985
5987,1986
5988,1987
5990,1988
5991,1989
5992,1990
5993,1991
5995,1992
5996,1993
5997,1994
5999,1995
6000,1996
6002,1997
6003,1998
6004,1999
6006,2000
6007,2001
6008,2002
6009,2003
6010,2004
6011,2005
6012,2006
6013,2007
6014,2008
6015,2009
6016,2010
6017,2011
6018,2012
6019,2013
6020,2014
6021,2015
6022,2016
6023,2017
6024,2018
6026,2019
6027,2020
6034,2021
6037,2022
6038,2023
6039,2024
6040,2025
6043,2026
6045,2027
6046,2028
6054,2029
6055,2030
6056,2031
6060,2032
6061,2033
6065,2034
6066,2035
6080,2036
6082,2037
6083,2038
6084,2039
6085,2040
6086,2041
6087,2042
6088,2043
6089,2044
6090,2045
6091,2046
6092,2047
6093,2048
6094,2049
6095,2050
6098,2051
6099,2052
6104,2053
6106,2054
6107,2055
6109,2056
6111,2057
6112,2058
6113,2059
6114,2060
6116,2061
6117,2062
6118,2063
6119,2064
6120,2065
6121,2066
6122,2067
6123,2068
6124,2069
6125,2070
6126,2071
6127,2072
6129,2073
6135,2074
6136,2075
6137,2076
6139,2077
6140,2078
6141,2079
6142,2080
6143,2081
6144,2082
6145,2083
6146,2084
6147,2085
6148,2086
6149,2087
6150,2088
6151,2089
6152,2090
6153,2091
6154,2092
6155,2093
6156,2094
6157,2095
6158,2096
6159,2097
6160,2098
6161,2099
6162,2100
6163,2101
6165,2102
6166,2103
6167,2104
6168,2105
6169,2106
6170,2107
6171,2108
6181,2109
6182,2110
6184,2111
6185,2112
6186,2113
6187,2114
6188,2115
6189,2116
6190,2117
6191,2118
6192,2119
6193,2120
6195,2121
6196,2122
6197,2123
6198,2124
6199,2125
6200,2126
6201,2127
6202,2128
6203,2129
6204,2130
6208,2131
6210,2132
6212,2133
6228,2134
6229,2135
6230,2136
6231,2137
6232,2138
6233,2139
6234,2140
6235,2141
6236,2142
6237,2143
6238,2144
6239,2145
6240,2146
6241,2147
6243,2148
6245,2149
6246,2150
6247,2151
6248,2152
6249,2153
6250,2154
6251,2155
6252,2156
6253,2157
6254,2158
6260,2159
6290,2160
6291,2161
6292,2162
6293,2163
6294,2164
6295,2165
6296,2166
6297,2167
6298,2168
6299,2169
6300,2170
6301,2171
6302,2172
6303,2173
6304,2174
6305,2175
6306,2176
6307,2177
6309,2178
6310,2179
6311,2180
6312,2181
6314,2182
6315,2183
6316,2184
6317,2185
6319,2186
6320,2187
6321,2188
6322,2189
6323,2190
6324,2191
6333,2192
6337,2193
6348,2194
6350,2195
6352,2196
6355,2197
6357,2198
6358,2199
6360,2200
6361,2201
6362,2202
6363,2203
6364,2204
6365,2205
6366,2206
6367,2207
6369,2208
6371,2209
6372,2210
6373,2211
6374,2212
6375,2213
6382,2214
6383,2215
6384,2216
6385,2217
6386,2218
6387,2219
6388,2220
6389,2221
6393,2222
6394,2223
6395,2224
6396,2225
6397,2226
6398,2227
6399,2228
6400,2229
6401,2230
6402,2231
6404,2232
6405,2233
6406,2234
6407,2235
6408,2236
6410,2237
6411,2238
6412,2239
6413,2240
6414,2241
6415,2242
6416,2243
6417,2244
6418,2245
6419,2246
6420,2247
6421,2248
6422,2249
6424,2250
6425,2251
6426,2252
6427,2253
6428,2254
6429,2255
6431,2256
6432,2257
6433,2258
6434,2259
6435,2260
6436,2261
6437,2262
6438,2263
6439,2264
6440,2265
6441,2266
6442,2267
6443,2268
6445,2269
6446,2270
6447,2271
6450,2272
6451,2273
6453,2274
6454,2275
6455,2276
6456,2277
6457,2278
6458,2279
6459,2280
6460,2281
6461,2282
6462,2283
6463,2284
6464,2285
6465,2286
6467,2287
6468,2288
6469,2289
6470,2290
6471,2291
6472,2292
6475,2293
6478,2294
6479,2295
6480,2296
6481,2297
6482,2298
6483,2299
6484,2300
6485,2301
6486,2302
6487,2303
6488,2304
6489,2305
6490,2306
6491,2307
6492,2308
6493,2309
6497,2310
6498,2311
6501,2312
6503,2313
6504,2314
6505,2315
6506,2316
6507,2317
6508,2318
6509,2319
6511,2320
6512,2321
6513,2322
6515,2323
6516,2324
6517,2325
6518,2326
6519,2327
6520,2328
6521,2329
6522,2330
6523,2331
6524,2332
6525,2333
6526,2334
6529,2335
6530,2336
6535,2337
6536,2338
6539,2339
6540,2340
6541,2341
6542,2342
6543,2343
6544,2344
6547,2345
6548,2346
6549,2347
6550,2348
6555,2349
6556,2350
6559,2351
6560,2352
6563,2353
6564,2354
6569,2355
6570,2356
6571,2357
6573,2358
6574,2359
6575,2360
6576,2361
6580,2362
6582,2363
6583,2364
6584,2365
6585,2366
6586,2367
6587,2368
6588,2369
6589,2370
6590,2371
6591,2372
6592,2373
6593,2374
6594,2375
6595,2376
6596,2377
6597,2378
6598,2379
6599,2380
6600,2381
6601,2382
6602,2383
6603,2384
6604,2385
6605,2386
6606,2387
6607,2388
6608,2389
6609,2390
6610,2391
6611,2392
6612,2393
6613,2394
6615,2395
6616,2396
6617,2397
6619,2398
6620,2399
6622,2400
6623,2401
6626,2402
6627,2403
6628,2404
6629,2405
6632,2406
6633,2407
6634,2408
6635,2409
6636,2410
6637,2411
6638,2412
6640,2413
6641,2414
6651,2415
6652,2416
6653,2417
6654,2418
6655,2419
6656,2420
6658,2421
6659,2422
6660,2423
6661,2424
6662,2425
6663,2426
6664,2427
6665,2428
6666,2429
6667,2430
6668,2431
6669,2432
6670,2433
6671,2434
6672,2435
6673,2436
6675,2437
6676,2438
6677,2439
6678,2440
6679,2441
6680,2442
6681,2443
6695,2444
6702,2445
6703,2446
6704,2447
6705,2448
6709,2449
6710,2450
6711,2451
6712,2452
6713,2453
6714,2454
6715,2455
6716,2456
6717,2457
6718,2458
6719,2459
6720,2460
6721,2461
6722,2462
6723,2463
6724,2464
6725,2465
6727,2466
6728,2467
6729,2468
6730,2469
6731,2470
6732,2471
6733,2472
6735,2473
6736,2474
6737,2475
6738,2476
6744,2477
6745,2478
6746,2479
6748,2480
6750,2481
6751,2482
6752,2483
6753,2484
6754,2485
6755,2486
6756,2487
6757,2488
6758,2489
6759,2490
6760,2491
6761,2492
6762,2493
6763,2494
6764,2495
6765,2496
6766,2497
6767,2498
6768,2499
6769,2500
6770,2501
6771,2502
6773,2503
6774,2504
6775,2505
6776,2506
6777,2507
6778,2508
6779,2509
6780,2510
6782,2511
6783,2512
6785,2513
6786,2514
6787,2515
6788,2516
6789,2517
6792,2518
6793,2519
6796,2520
6797,2521
6800,2522
6801,2523
6806,2524
6819,2525
6820,2526
6835,2527
6837,2528
6839,2529
6840,2530
6841,2531
6842,2532
6844,2533
6845,2534
6846,2535
6847,2536
6848,2537
6850,2538
6851,2539
6852,2540
6853,2541
6854,2542
6855,2543
6877,2544
6879,2545
6882,2546
6896,2547
6898,2548
6899,2549
6904,2550
6907,2551
6908,2552
6909,2553
6910,2554
6911,2555
6912,2556
6913,2557
6914,2558
6921,2559
6931,2560
6932,2561
6933,2562
6934,2563
6935,2564
6937,2565
6938,2566
6939,2567
6940,2568
6942,2569
6944,2570
6945,2571
6946,2572
6949,2573
6950,2574
6951,2575
6952,2576
6953,2577
6954,2578
6955,2579
6961,2580
6964,2581
6968,2582
6969,2583
6970,2584
6971,2585
6972,2586
6978,2587
6979,2588
6980,2589
6982,2590
6983,2591
6984,2592
6985,2593
6986,2594
6987,2595
6988,2596
6989,2597
6990,2598
6999,2599
7004,2600
7006,2601
7007,2602
7008,2603
7009,2604
7010,2605
7011,2606
7012,2607
7020,2608
7023,2609
7024,2610
7025,2611
7026,2612
7027,2613
7028,2614
7032,2615
7036,2616
7038,2617
7039,2618
7041,2619
7044,2620
7046,2621
7056,2622
7057,2623
7061,2624
7073,2625
7074,2626
7075,2627
7077,2628
7078,2629
7099,2630
7125,2631
7127,2632
7128,2633
7129,2634
7149,2635
7151,2636
7160,2637
7171,2638
7186,2639
7187,2640
7191,2641
7193,2642
7194,2643
7195,2644
7196,2645
7204,2646
7205,2647
7208,2648
7209,2649
7211,2650
7213,2651
7220,2652
7227,2653
7228,2654
7229,2655
7230,2656
7231,2657
7235,2658
7236,2659
7248,2660
7249,2661
7251,2662
7263,2663
7264,2664
7281,2665
7282,2666
7283,2667
7285,2668
7286,2669
7287,2670
7288,2671
7289,2672
7290,2673
7295,2674
7297,2675
7298,2676
7299,2677
7300,2678
7301,2679
7304,2680
7306,2681
7307,2682
7308,2683
7310,2684
7312,2685
7313,2686
7320,2687
7321,2688
7324,2689
7325,2690
7326,2691
7327,2692
7328,2693
7329,2694
7330,2695
7331,2696
7332,2697
7333,2698
7334,2699
7335,2700
7366,2701
7376,2702
7377,2703
7378,2704
7381,2705
7382,2706
7383,2707
7405,2708
7423,2709
7425,2710
7428,2711
7431,2712
7447,2713
7448,2714
7473,2715
7476,2716
7520,2717
7523,2718
7524,2719
7525,2720
7526,2721
7527,2722
7528,2723
7532,2724
7538,2725
7539,2726
7544,2727
7551,2728
7552,2729
7554,2730
7558,2731
7560,2732
7563,2733
7568,2734
7572,2735
7573,2736
7577,2737
7592,2738
7606,2739
7622,2740
7624,2741
7626,2742
7632,2743
7635,2744
7636,2745
7638,2746
7671,2747
7677,2748
7685,2749
7687,2750
7688,2751
7689,2752
7719,2753
7720,2754
7721,2755
7727,2756
7728,2757
7729,2758
7730,2759
7732,2760
7733,2761
7737,2762
7746,2763
7747,2764
7750,2765
7751,2766
7756,2767
7757,2768
7758,2769
7760,2770
7761,2771
7762,2772
7763,2773
7764,2774
7765,2775
7766,2776
7767,2777
7768,2778
7769,2779
7770,2780
7772,2781
7783,2782
7787,2783
7788,2784
7789,2785
7790,2786
7792,2787
7793,2788
7796,2789
7797,2790
7798,2791
7800,2792
7801,2793
7804,2794
7805,2795
7806,2796
7807,2797
7808,2798
7815,2799
7820,2800
7841,2801
7842,2802
7843,2803
7844,2804
7849,2805
7851,2806
7852,2807
7853,2808
7854,2809
7856,2810
7857,2811
7860,2812
7862,2813
7863,2814
7865,2815
7866,2816
7867,2817
7868,2818
7870,2819
7885,2820
7886,2821
7887,2822
7888,2823
7892,2824
7899,2825
7900,2826
7902,2827
7908,2828
7909,2829
7910,2830
7911,2831
7912,2832
7914,2833
7915,2834
7916,2835
7917,2836
7918,2837
7919,2838
7921,2839
7923,2840
7924,2841
7925,2842
7926,2843
7938,2844
7945,2845
7948,2846
7951,2847
7953,2848
7954,2849
7957,2850
7960,2851
7961,2852
7976,2853
7977,2854
7979,2855
7980,2856
7981,2857
7982,2858
7983,2859
7984,2860
7985,2861
7992,2862
7993,2863
7994,2864
7995,2865
7996,2866
7999,2867
8000,2868
8002,2869
8003,2870
8012,2871
8013,2872
8014,2873
8015,2874
8018,2875
8023,2876
8024,2877
8027,2878
8028,2879
8031,2880
8032,2881
8034,2882
8035,2883
8039,2884
8040,2885
8045,2886
8046,2887
8047,2888
8048,2889
8049,2890
8050,2891
8051,2892
8052,2893
8053,2894
8054,2895
8056,2896
8057,2897
8058,2898
8059,2899
8061,2900
8062,2901
8064,2902
8066,2903
8067,2904
8081,2905
8088,2906
8089,2907
8090,2908
8091,2909
8092,2910
8093,2911
8094,2912
8095,2913
8096,2914
8097,2915
8098,2916
8099,2917
8100,2918
8101,2919
8102,2920
8103,2921
8104,2922
8105,2923
8106,2924
8109,2925
8110,2926
8116,2927
8117,2928
8118,2929
8121,2930
8122,2931
8133,2932
8134,2933
8135,2934
8147,2935
8149,2936
8150,2937
8151,2938
8152,2939
8153,2940
8154,2941
8159,2942
8160,2943
8161,2944
8162,2945
8163,2946
8164,2947
913,2948
